{"cameraMode":{"drawMode":0,"name":"Shaded","section":"Shading Mode"},"sceneLighting":true,"audioPlay":false,"sceneViewState":{"m_AlwaysRefresh":false,"showFog":true,"showSkybox":true,"showFlares":true,"showImageEffects":true,"showParticleSystems":true,"showVisualEffectGraphs":true,"m_FxEnabled":true},"in2DMode":false,"pivot":{"x":32.836090087890628,"y":37.58708572387695,"z":37.24418640136719},"rotation":{"x":0.24853916466236115,"y":-0.7508813738822937,"z":0.44894900918006899,"w":0.4159349799156189},"size":0.3369724452495575,"orthographic":false}